{"schemaVersion":"1.0","appDefinitionTemplate":{"id":"/providers/Microsoft.PowerApps/apps/","type":"Microsoft.PowerApps/apps","tags":{"primaryDeviceWidth":"1366","primaryDeviceHeight":"768","supportsPortrait":"true","supportsLandscape":"true","primaryFormFactor":"Tablet","showStatusBar":"false","publisherVersion":"3.25061.7","minimumRequiredApiVersion":"2.2.0","hasComponent":"false","hasUnlockedComponent":"false","isUnifiedRootApp":"false","sienaVersion":"20250617T132258Z-3.25061.7.0"},"properties":{"appVersion":"2025-06-17T13:22:58Z","lifeCycleId":"Published","createdByClientVersion":{"major":3,"minor":25061,"build":7,"revision":0,"majorRevision":0,"minorRevision":0},"minClientVersion":{"major":3,"minor":25061,"build":7,"revision":0,"majorRevision":0,"minorRevision":0},"backgroundColor":"RGBA(0,176,240,1)","backgroundImageUri":"/8017602505726010933/N91cdfa53-cedb-4850-99f3-6a04c7c4796e-logoSmallFile","displayName":"SharePoint - Dokumentenbibliothek","description":"","commitMessage":"","appUris":{"documentUri":{"value":"/8017602505726010933/Nd4edeca9-2db7-47dc-b51c-36240b0e0058-document.msapp"},"imageUris":[],"additionalUris":[{"isSolutionAware":false,"value":"/8017602505726010933/Nbb0ee5db-3478-48ef-9be6-5551786e02cc-identity.json"}]},"createdTime":"0001-01-01T00:00:00Z","lastModifiedTime":"0001-01-01T00:00:00Z","sharedGroupsCount":0,"sharedUsersCount":0,"connectionReferences":{},"databaseReferences":{},"almMode":"Environment","performanceOptimizationEnabled":true,"canConsumeAppPass":true,"enableModernRuntimeMode":false,"executionRestrictions":{"isTeamsOnly":false,"dataLossPreventionEvaluationResult":{"status":"Compliant","lastEvaluationDate":"2025-06-17T13:23:00.2077667Z","violations":[],"violationsByPolicy":[],"violationErrorMessage":"Die App verwendet die folgenden Connectors: ."}}},"isAppComponentLibrary":false,"appType":"ClassicCanvasApp","appComponents":[]}}