{"schemaVersion":"1.0","appDefinitionTemplate":{"id":"/providers/Microsoft.PowerApps/apps/","type":"Microsoft.PowerApps/apps","tags":{"primaryDeviceWidth":"1366","primaryDeviceHeight":"768","supportsPortrait":"true","supportsLandscape":"true","primaryFormFactor":"Tablet","showStatusBar":"false","publisherVersion":"3.25061.7","minimumRequiredApiVersion":"2.2.0","hasComponent":"false","hasUnlockedComponent":"false","isUnifiedRootApp":"false","sienaVersion":"20250616T125459Z-3.25061.7.0"},"properties":{"appVersion":"2025-06-16T12:54:59Z","lifeCycleId":"Published","createdByClientVersion":{"major":3,"minor":25061,"build":7,"revision":0,"majorRevision":0,"minorRevision":0},"minClientVersion":{"major":3,"minor":25061,"build":7,"revision":0,"majorRevision":0,"minorRevision":0},"backgroundColor":"RGBA(0,176,240,1)","backgroundImageUri":"/9459503704204567964/N3c16c9eb-ab15-44de-a3fd-2b69a5621310-logoSmallFile","displayName":"Datenvalidierung","description":"","commitMessage":"","appUris":{"documentUri":{"value":"/9459503704204567964/Nd4ae6960-5382-44fb-8bbe-2128a3a55576-document.msapp"},"imageUris":[],"additionalUris":[{"isSolutionAware":false,"value":"/9459503704204567964/N873bd129-2d58-4276-964e-d1a06445131f-identity.json"}]},"createdTime":"0001-01-01T00:00:00Z","lastModifiedTime":"0001-01-01T00:00:00Z","sharedGroupsCount":0,"sharedUsersCount":0,"connectionReferences":{},"databaseReferences":{},"almMode":"Environment","performanceOptimizationEnabled":true,"canConsumeAppPass":true,"enableModernRuntimeMode":false,"executionRestrictions":{"isTeamsOnly":false,"dataLossPreventionEvaluationResult":{"status":"Compliant","lastEvaluationDate":"2025-06-16T12:55:03.0136556Z","violations":[],"violationsByPolicy":[],"violationErrorMessage":"Die App verwendet die folgenden Connectors: ."}}},"isAppComponentLibrary":false,"appType":"ClassicCanvasApp","appComponents":[]}}