{"name":"9899c266-3832-464f-8197-f01daea0dc7b","id":"/providers/Microsoft.Flow/flows/9899c266-3832-464f-8197-f01daea0dc7b","type":"Microsoft.Flow/flows","properties":{"apiId":"/providers/Microsoft.PowerApps/apis/shared_logicflows","displayName":"Rechnung Erinnerung","definition":{"metadata":{"workflowEntityId":null,"processAdvisorMetadata":null,"flowChargedByPaygo":null,"flowclientsuspensionreason":"None","flowclientsuspensiontime":null,"flowclientsuspensionreasondetails":null,"creator":{"id":"0b2abf8e-9790-40ae-8bfc-bcd6fff1cf31","type":"User","tenantId":"a8e72f23-0d82-414a-9877-21f4b376fc64"},"provisioningMethod":"FromDefinition","failureAlertSubscription":true,"clientLastModifiedTime":"2025-06-17T12:35:57.1231404Z","connectionKeySavedTimeKey":"2025-06-17T12:35:57.1231404Z","creationSource":"Portal","modifiedSources":"Portal"},"$schema":"https://schema.management.azure.com/providers/Microsoft.Logic/schemas/2016-06-01/workflowdefinition.json#","contentVersion":"undefined","parameters":{"$authentication":{"defaultValue":{},"type":"SecureObject"},"$connections":{"defaultValue":{},"type":"Object"}},"triggers":{"Recurrence":{"recurrence":{"frequency":"Day","interval":"1","startTime":"2025-06-17T08:00:00.000Z"},"type":"Recurrence"}},"actions":{"Variable_initialisieren":{"runAfter":{},"type":"InitializeVariable","inputs":{"variables":[{"name":"vadDatumHeute","type":"string","value":"@formatDateTime(utcNow(),'yyyy-MM-dd')"}]}},"Elemente_abrufen":{"runAfter":{"Variable_initialisieren":["Succeeded"]},"type":"OpenApiConnection","inputs":{"parameters":{"dataset":"https://0dwh8.sharepoint.com/sites/Lager","table":"5de34b53-7c6b-4b26-bb61-379b25201d18","$filter":"F_x00e4_lligkeitsdatum eq '@{variables('vadDatumHeute')}'"},"host":{"apiId":"/providers/Microsoft.PowerApps/apis/shared_sharepointonline","connectionName":"shared_sharepointonline","operationId":"GetItems"},"authentication":"@parameters('$authentication')"}},"For_each":{"foreach":"@outputs('Elemente_abrufen')?['body/value']","actions":{"E-Mail_senden_(V2)":{"type":"OpenApiConnection","inputs":{"parameters":{"emailMessage/To":"@items('For_each')?['Zust_x00e4_ndigePerson/Email']","emailMessage/Subject":"Rechnung für \"@{items('For_each')?['Title']}\" fällig","emailMessage/Body":"<p class=\"editor-paragraph\">Hallo @{items('For_each')?['Zust_x00e4_ndigePerson/DisplayName']},</p><br><p class=\"editor-paragraph\">die Rechnung für \"@{items('For_each')?['Title']}\" ist heute fällig. Bitte begleiche diese.</p>","emailMessage/Importance":"Normal"},"host":{"apiId":"/providers/Microsoft.PowerApps/apis/shared_office365","connectionName":"shared_office365","operationId":"SendEmailV2"},"authentication":"@parameters('$authentication')"}}},"runAfter":{"Elemente_abrufen":["Succeeded"]},"type":"Foreach"},"Variable_initialisieren_-_Datum_in_3_Tagen":{"runAfter":{},"type":"InitializeVariable","inputs":{"variables":[{"name":"varDatumInDreiTagen","type":"string","value":"@addDays(utcNow(), 3,'yyyy-MM-dd')"}]}},"Elemente_abrufen_1":{"runAfter":{"Variable_initialisieren_-_Datum_in_3_Tagen":["Succeeded"]},"type":"OpenApiConnection","inputs":{"parameters":{"dataset":"https://0dwh8.sharepoint.com/sites/Lager","table":"5de34b53-7c6b-4b26-bb61-379b25201d18","$filter":"F_x00e4_lligkeitsdatum eq '@{variables('varDatumInDreiTagen')}'"},"host":{"apiId":"/providers/Microsoft.PowerApps/apis/shared_sharepointonline","connectionName":"shared_sharepointonline","operationId":"GetItems"},"authentication":"@parameters('$authentication')"}},"For_each_1":{"foreach":"@outputs('Elemente_abrufen_1')?['body/value']","actions":{"E-Mail_senden_(V2)_1":{"type":"OpenApiConnection","inputs":{"parameters":{"emailMessage/To":"@items('For_each_1')?['Zust_x00e4_ndigePerson/Email']","emailMessage/Subject":"Rechnung \"@{items('For_each_1')?['Title']}\" ist in 3 Tagen fällig","emailMessage/Body":"<p class=\"editor-paragraph\">Hallo @{items('For_each_1')?['Zust_x00e4_ndigePerson/DisplayName']},</p><br><p class=\"editor-paragraph\">die Rechnung \"@{items('For_each_1')?['Title']}\" ist in 3 Tagen fällig.</p>","emailMessage/Importance":"Normal"},"host":{"apiId":"/providers/Microsoft.PowerApps/apis/shared_office365","connectionName":"shared_office365","operationId":"SendEmailV2"},"authentication":"@parameters('$authentication')"}}},"runAfter":{"Elemente_abrufen_1":["Succeeded"]},"type":"Foreach"}}},"connectionReferences":{"shared_sharepointonline":{"connectionName":"a44c2dcee78041f69e3b29ae9275f62f","source":"Embedded","id":"/providers/Microsoft.PowerApps/apis/shared_sharepointonline","tier":"NotSpecified","apiName":"sharepointonline","isProcessSimpleApiReferenceConversionAlreadyDone":false},"shared_office365":{"connectionName":"shared-office365-012b63f4-3a6d-437b-963b-c656cb142f4f","source":"Embedded","id":"/providers/Microsoft.PowerApps/apis/shared_office365","tier":"NotSpecified","apiName":"office365","isProcessSimpleApiReferenceConversionAlreadyDone":false}},"flowFailureAlertSubscribed":false,"isManaged":false}}