{"name":"581c9bf7-3bb3-4692-9d46-e49f711a969e","id":"/providers/Microsoft.Flow/flows/581c9bf7-3bb3-4692-9d46-e49f711a969e","type":"Microsoft.Flow/flows","properties":{"apiId":"/providers/Microsoft.PowerApps/apis/shared_logicflows","displayName":"Mail Anhänge","definition":{"metadata":{"workflowEntityId":null,"processAdvisorMetadata":null,"flowChargedByPaygo":null,"flowclientsuspensionreason":"None","flowclientsuspensiontime":null,"flowclientsuspensionreasondetails":null,"creator":{"id":"0b2abf8e-9790-40ae-8bfc-bcd6fff1cf31","type":"User","tenantId":"a8e72f23-0d82-414a-9877-21f4b376fc64"},"provisioningMethod":"FromDefinition","failureAlertSubscription":true,"clientLastModifiedTime":"2025-06-17T10:10:41.9253232Z","connectionKeySavedTimeKey":"2025-06-17T10:10:41.9253232Z","creationSource":"Portal","modifiedSources":"Portal"},"$schema":"https://schema.management.azure.com/providers/Microsoft.Logic/schemas/2016-06-01/workflowdefinition.json#","contentVersion":"1.0.0.0","parameters":{"$authentication":{"defaultValue":{},"type":"SecureObject"},"$connections":{"defaultValue":{},"type":"Object"}},"triggers":{"Bei_Eingang_einer_neuen_E-Mail_(V3)":{"splitOn":"@triggerOutputs()?['body/value']","metadata":{"Id::AAMkADMxMTY4ZDkxLWY0NGQtNGFjZi05M2ExLWJjOGIzM2Y2MmJhMQAuAAAAAAA0l5aAi1wHR4znT54dxmtUAQAocy_wDB5KSIOfz6h-O7YfAAAAAAEMAAA=":"Posteingang"},"type":"OpenApiConnectionNotification","inputs":{"parameters":{"includeAttachments":true,"importance":"Any","fetchOnlyWithAttachment":true,"folderPath":"Id::AAMkADMxMTY4ZDkxLWY0NGQtNGFjZi05M2ExLWJjOGIzM2Y2MmJhMQAuAAAAAAA0l5aAi1wHR4znT54dxmtUAQAocy_wDB5KSIOfz6h-O7YfAAAAAAEMAAA="},"host":{"apiId":"/providers/Microsoft.PowerApps/apis/shared_office365","connectionName":"shared_office365","operationId":"OnNewEmailV3"},"authentication":"@parameters('$authentication')"}}},"actions":{"For_each":{"foreach":"@triggerOutputs()?['body/attachments']","actions":{"Variable_festlegen":{"type":"SetVariable","inputs":{"name":"varDateiendung","value":"@toLower(last(split(item()?['name'], '.')))"}},"Wechseln":{"runAfter":{"Variable_festlegen":["Succeeded"]},"cases":{"Case_-_Excel":{"case":"xlsx","actions":{"Datei_erstellen_-_Excel":{"type":"OpenApiConnection","inputs":{"parameters":{"dataset":"https://0dwh8.sharepoint.com/sites/Lager","folderPath":"/Mail Anhnge/excel","name":"@item()?['name']","body":"@item()?['contentBytes']"},"host":{"apiId":"/providers/Microsoft.PowerApps/apis/shared_sharepointonline","connectionName":"shared_sharepointonline","operationId":"CreateFile"},"authentication":"@parameters('$authentication')"},"runtimeConfiguration":{"contentTransfer":{"transferMode":"Chunked"}}}}},"Case_-_docx":{"case":"docx","actions":{"Datei_erstellen_-_docx":{"type":"OpenApiConnection","inputs":{"parameters":{"dataset":"https://0dwh8.sharepoint.com/sites/Lager","folderPath":"/Mail Anhnge/word","name":"@item()?['name']","body":"@item()?['contentBytes']"},"host":{"apiId":"/providers/Microsoft.PowerApps/apis/shared_sharepointonline","connectionName":"shared_sharepointonline","operationId":"CreateFile"},"authentication":"@parameters('$authentication')"},"runtimeConfiguration":{"contentTransfer":{"transferMode":"Chunked"}}}}}},"default":{"actions":{"Datei_erstellen_-_Sonstiges":{"type":"OpenApiConnection","inputs":{"parameters":{"dataset":"https://0dwh8.sharepoint.com/sites/Lager","folderPath":"/Mail Anhnge","name":"@item()?['name']","body":"@item()?['contentBytes']"},"host":{"apiId":"/providers/Microsoft.PowerApps/apis/shared_sharepointonline","connectionName":"shared_sharepointonline","operationId":"CreateFile"},"authentication":"@parameters('$authentication')"},"runtimeConfiguration":{"contentTransfer":{"transferMode":"Chunked"}}}}},"expression":"@variables('varDateiendung')","type":"Switch"}},"runAfter":{"Variable_initialisieren":["Succeeded"]},"type":"Foreach"},"Variable_initialisieren":{"runAfter":{},"type":"InitializeVariable","inputs":{"variables":[{"name":"varDateiendung","type":"string"}]}}},"outputs":{}},"connectionReferences":{"shared_office365":{"connectionName":"shared-office365-012b63f4-3a6d-437b-963b-c656cb142f4f","source":"Embedded","id":"/providers/Microsoft.PowerApps/apis/shared_office365","tier":"NotSpecified","apiName":"office365","isProcessSimpleApiReferenceConversionAlreadyDone":false},"shared_sharepointonline":{"connectionName":"a44c2dcee78041f69e3b29ae9275f62f","source":"Embedded","id":"/providers/Microsoft.PowerApps/apis/shared_sharepointonline","tier":"NotSpecified","apiName":"sharepointonline","isProcessSimpleApiReferenceConversionAlreadyDone":false}},"flowFailureAlertSubscribed":false,"isManaged":false}}