{"name":"e5a45762-cf2a-416c-b69e-6f90b6bf6cb5","id":"/providers/Microsoft.Flow/flows/e5a45762-cf2a-416c-b69e-6f90b6bf6cb5","type":"Microsoft.Flow/flows","properties":{"apiId":"/providers/Microsoft.PowerApps/apis/shared_logicflows","displayName":"Neue Sales Daten","definition":{"metadata":{"workflowEntityId":null,"processAdvisorMetadata":null,"flowChargedByPaygo":null,"flowclientsuspensionreason":"None","flowclientsuspensiontime":null,"flowclientsuspensionreasondetails":null,"creator":{"id":"0b2abf8e-9790-40ae-8bfc-bcd6fff1cf31","type":"User","tenantId":"a8e72f23-0d82-414a-9877-21f4b376fc64"},"provisioningMethod":"FromDefinition","failureAlertSubscription":true,"clientLastModifiedTime":"2025-06-17T08:19:41.7692177Z","connectionKeySavedTimeKey":"2025-06-17T08:19:41.7692177Z","creationSource":"Portal","modifiedSources":"Portal"},"$schema":"https://schema.management.azure.com/providers/Microsoft.Logic/schemas/2016-06-01/workflowdefinition.json#","contentVersion":"1.0.0.0","parameters":{"$authentication":{"defaultValue":{},"type":"SecureObject"},"$connections":{"defaultValue":{},"type":"Object"}},"triggers":{"Wenn_eine_Datei_erstellt_wird":{"recurrence":{"frequency":"Minute","interval":1},"metadata":{"b!-BwDzVp3nUiz0xxszwq2HC00Un0tjjNBrYG_mVuwcscWtn-TdxjhSoBDCpzVLx_I.01LNLGWVZVBAAMZQ7IHRDZKNKRZXCYKHMF":"/Sales Ordner"},"type":"OpenApiConnection","inputs":{"parameters":{"folderId":"b!-BwDzVp3nUiz0xxszwq2HC00Un0tjjNBrYG_mVuwcscWtn-TdxjhSoBDCpzVLx_I.01LNLGWVZVBAAMZQ7IHRDZKNKRZXCYKHMF"},"host":{"apiId":"/providers/Microsoft.PowerApps/apis/shared_onedriveforbusiness","connectionName":"shared_onedriveforbusiness","operationId":"OnNewFileV2"},"authentication":"@parameters('$authentication')"}}},"actions":{"E-Mail_senden_(V2)":{"runAfter":{},"type":"OpenApiConnection","inputs":{"parameters":{"emailMessage/To":"Administrator@0dwh8.onmicrosoft.com;MarkusB@0dwh8.onmicrosoft.com","emailMessage/Subject":"Die Datei @{triggerOutputs()?['headers/x-ms-file-name-encoded']} wurde erstellt","emailMessage/Body":"<p class=\"editor-paragraph\">Datei erstellt</p>","emailMessage/Importance":"Normal"},"host":{"apiId":"/providers/Microsoft.PowerApps/apis/shared_office365","connectionName":"shared_office365","operationId":"SendEmailV2"},"authentication":"@parameters('$authentication')"}}},"outputs":{}},"connectionReferences":{"shared_onedriveforbusiness":{"connectionName":"shared-onedriveforbu-e85ab2b9-ebfd-422e-841a-9d128a990e3a","source":"Embedded","id":"/providers/Microsoft.PowerApps/apis/shared_onedriveforbusiness","tier":"NotSpecified","apiName":"onedriveforbusiness","isProcessSimpleApiReferenceConversionAlreadyDone":false},"shared_office365":{"connectionName":"shared-office365-012b63f4-3a6d-437b-963b-c656cb142f4f","source":"Embedded","id":"/providers/Microsoft.PowerApps/apis/shared_office365","tier":"NotSpecified","apiName":"office365","isProcessSimpleApiReferenceConversionAlreadyDone":false}},"flowFailureAlertSubscribed":false,"isManaged":false}}